{
  "credit": "Created by Mickey Joe Alpha - http://YouTube.com/@MushirMickeyJoe",
  "variants": {
    "": [
      {
        "model": "minecraft:block/grass",
		"weight": 4
      },
      {
        "model": "minecraft:block/grass_1",
		"weight": 4
      },
      {
        "model": "minecraft:block/clovers",
		"weight": 3
      },
      {
        "model": "minecraft:block/grass_flowering_0",
		"weight": 2
      },
      {
        "model": "minecraft:block/grass_flowering_1",
		"weight": 2
      }
    ]
  }
}