{
	"credit": "Created by Mickey Joe Alpha - http://YouTube.com/@MushirMickeyJoe",
    "variants": {
        "": [
            { "model": "block/lily_pad_0", "weight": 21.25 },
            { "model": "block/lily_pad_0", "y": 90, "weight": 21.25 },
            { "model": "block/lily_pad_0", "y": 180, "weight": 21.25 },
            { "model": "block/lily_pad_0", "y": 270, "weight": 21.25 },
            { "model": "block/lily_pad_1", "weight": 3.75 },
            { "model": "block/lily_pad_1", "y": 90, "weight": 3.75 },
            { "model": "block/lily_pad_1", "y": 180, "weight": 3.75 },
            { "model": "block/lily_pad_1", "y": 270, "weight": 3.75 }
        ]
    }
}