{
	"credit": "Created by Mickey Joe Alpha - http://YouTube.com/@MushirMickeyJoe",
    "variants": {
        "facing=south,in_wall=false,open=false": { "model": "block/mangrove_fence_gate" },
        "facing=west,in_wall=false,open=false":  { "model": "block/mangrove_fence_gate", "y": 90 },
        "facing=north,in_wall=false,open=false": { "model": "block/mangrove_fence_gate", "y": 180 },
        "facing=east,in_wall=false,open=false":  { "model": "block/mangrove_fence_gate", "y": 270 },
        "facing=south,in_wall=false,open=true": { "model": "block/mangrove_fence_gate_open" },
        "facing=west,in_wall=false,open=true":  { "model": "block/mangrove_fence_gate_open", "y": 90 },
        "facing=north,in_wall=false,open=true": { "model": "block/mangrove_fence_gate_open", "y": 180 },
        "facing=east,in_wall=false,open=true":  { "model": "block/mangrove_fence_gate_open", "y": 270 },
        "facing=south,in_wall=true,open=false": { "model": "block/mangrove_fence_gate_wall" },
        "facing=west,in_wall=true,open=false":  { "model": "block/mangrove_fence_gate_wall", "y": 90 },
        "facing=north,in_wall=true,open=false": { "model": "block/mangrove_fence_gate_wall", "y": 180 },
        "facing=east,in_wall=true,open=false":  { "model": "block/mangrove_fence_gate_wall", "y": 270 },
        "facing=south,in_wall=true,open=true": { "model": "block/mangrove_fence_gate_wall_open" },
        "facing=west,in_wall=true,open=true":  { "model": "block/mangrove_fence_gate_wall_open", "y": 90 },
        "facing=north,in_wall=true,open=true": { "model": "block/mangrove_fence_gate_wall_open", "y": 180 },
        "facing=east,in_wall=true,open=true":  { "model": "block/mangrove_fence_gate_wall_open", "y": 270 }
    }
}