{
	"credit": "Created by Mickey Joe Alpha - http://YouTube.com/@MushirMickeyJoe",
  "variants": {
        "type=bottom": [
            { "model": "minecraft:block/mossy_cobblestone_slab" },
            { "model": "minecraft:block/mossy_cobblestone_slab_0" }
        ],
        "type=double": [
            { "model": "minecraft:block/mossy_cobblestone" },
            { "model": "minecraft:block/mossy_cobblestone_0" }
        ],
        "type=top": [
            { "model": "minecraft:block/mossy_cobblestone_slab_top" },
            { "model": "minecraft:block/mossy_cobblestone_slab_top_0" }
        ]
    }
}