{
	"credit": "Created by Mickey Joe Alpha - http://YouTube.com/@MushirMickeyJoe",
    "multipart": [
        {   "apply": { "model": "block/flower_pot" }
		},
        {   "apply": [
            { "model": "block/potted_warped_fungus_0" },
            { "model": "block/potted_warped_fungus_0", "y": 90 },
			{ "model": "block/potted_warped_fungus_0", "y": 180 },
			{ "model": "block/potted_warped_fungus_0", "y": 270 },
			{ "model": "block/potted_warped_fungus_1" },
            { "model": "block/potted_warped_fungus_1", "y": 90 },
            { "model": "block/potted_warped_fungus_1", "y": 180 },
			{ "model": "block/potted_warped_fungus_1", "y": 270 },
			{ "model": "block/potted_warped_fungus_2" },
            { "model": "block/potted_warped_fungus_2", "y": 90 },
			{ "model": "block/potted_warped_fungus_2", "y": 180 },
			{ "model": "block/potted_warped_fungus_2", "y": 270 }
			]
        }
    ]
}