{
	"credit": "Created by Mickey Joe Alpha - http://YouTube.com/@MushirMickeyJoe",
	"ambientocclusion": false,
	"textures": {
		"particle": "block/cactus_side",
		"bottom": "block/cactus_bottom",
		"top": "block/cactus_top_flower",
		"flower": "block/cactus_misc"
	},
	"elements": [ 	 
		{
			"from": [ 0, 0, 0 ],
			"to": [ 16, 16, 16 ],
			"faces": {
				"down": { "uv": [ 0, 0, 16, 16 ], "texture": "#bottom", "cullface": "down" },
				"up": { "uv": [ 0, 0, 16, 16 ], "texture": "#top", "cullface": "up" }
			}
		},
		{
			"from": [ 0, 0, 1 ],
			"to": [ 16, 16, 15 ],
			"faces": {
				"north": { "uv": [ 0, 0, 16, 16 ], "texture": "#particle" },
				"south": { "uv": [ 0, 0, 16, 16 ], "texture": "#particle" }
			}
		},
		{
			"from": [ 1, 0, 0 ],
			"to": [ 15, 16, 16 ],
			"faces": {
				"west": { "uv": [ 0, 0, 16, 16 ], "texture": "#particle" },
				"east": { "uv": [ 0, 0, 16, 16 ], "texture": "#particle" }
			}
		},
		{
			"from": [ 11.1875, 16, 4.8125 ],
			"to": [ 11.1885, 22, 13.8125 ],
			"rotation": { "origin": [ 11.1875, 16, 4.8125 ], "axis": "y", "angle": -45 },
			"faces": {
				"west": { "uv": [ 7, 10, 16, 16 ], "texture": "#flower", "cullface": "up" },
				"east": { "uv": [ 7, 10, 16, 16 ], "texture": "#flower", "cullface": "up" }
			}
		},
		{
			"from": [ 4.8125, 16, 4.8125 ],
			"to": [ 4.8135, 22, 13.8125 ],
			"rotation": { "origin": [ 4.8125, 16, 4.8125 ], "axis": "y", "angle": 45 },
			"faces": {
				"west": { "uv": [ 7, 10, 16, 16 ], "texture": "#flower", "cullface": "up" },
				"east": { "uv": [ 7, 10, 16, 16 ], "texture": "#flower", "cullface": "up" }
			}
		}
	]
}