{
	"credit": "Created by Mickey Joe Alpha - http://YouTube.com/@MushirMickeyJoe",
	"textures": {
		"particle": "block/pumpkin_side",
		"face": "block/carved_pumpkin_0",
		"inside": "block/carved_pumpkin_inside_0"
	},
	"elements": [ 	 
		{
			"from": [ 0, 0, 1 ],
			"to": [ 16, 16, 1.001 ],
			"shade": false,
			"faces": {
				"north": { "uv": [ 0, 0, 16, 16 ], "texture": "#inside", "cullface": "north" }
			}
		},
		{
			"from": [ 0, 0, 16 ],
			"to": [ 16, 16, 16.001 ],
			"faces": {
				"south": { "uv": [ 0, 0, 16, 16 ], "texture": "#particle", "cullface": "south" }
			}
		},
		{
			"from": [ 0, 0, 0 ],
			"to": [ 0.001, 16, 16 ],
			"faces": {
				"west": { "uv": [ 0, 0, 16, 16 ], "texture": "#particle", "cullface": "west" }
			}
		},
		{
			"from": [ 16, 0, 0 ],
			"to": [ 16.001, 16, 16 ],
			"faces": {
				"east": { "uv": [ 0, 0, 16, 16 ], "texture": "#particle", "cullface": "east" }
			}
		},
		{
			"from": [ 0, 14, 0 ],
			"to": [ 16, 16, 0.001 ],
			"faces": {
				"north": { "uv": [ 0, 0, 16, 2 ], "texture": "#face", "cullface": "north" }
			}
		},
		{
			"from": [ 0, 13, 0 ],
			"to": [ 5, 14, 0.001 ],
			"faces": {
				"north": { "uv": [ 11, 2, 16, 3 ], "texture": "#face", "cullface": "north" }
			}
		},
		{
			"from": [ 6, 13, 0 ],
			"to": [ 10, 14, 0.001 ],
			"faces": {
				"north": { "uv": [ 6, 2, 10, 3 ], "texture": "#face", "cullface": "north" }
			}
		},
		{
			"from": [ 12, 12, 0 ],
			"to": [ 16, 14, 0.001 ],
			"faces": {
				"north": { "uv": [ 0, 2, 4, 4 ], "texture": "#face", "cullface": "north" }
			}
		},
		{
			"from": [ 0, 12, 0 ],
			"to": [ 4, 13, 0.001 ],
			"faces": {
				"north": { "uv": [ 12, 3, 16, 4 ], "texture": "#face", "cullface": "north" }
			}
		},
		{
			"from": [ 13, 9, 0 ],
			"to": [ 16, 12, 0.001 ],
			"faces": {
				"north": { "uv": [ 0, 4, 3, 7 ], "texture": "#face", "cullface": "north" }
			}
		},
		{
			"from": [ 0, 10, 0 ],
			"to": [ 3, 12, 0.001 ],
			"faces": {
				"north": { "uv": [ 13, 4, 16, 6 ], "texture": "#face", "cullface": "north" }
			}
		},
		{
			"from": [ 0, 8, 0 ],
			"to": [ 2, 10, 0.001 ],
			"faces": {
				"north": { "uv": [ 14, 6, 16, 8 ], "texture": "#face", "cullface": "north" }
			}
		},
		{
			"from": [ 7, 9, 0 ],
			"to": [ 9, 13, 0.001 ],
			"faces": {
				"north": { "uv": [ 7, 3, 9, 7 ], "texture": "#face", "cullface": "north" }
			}
		},
		{
			"from": [ 6, 8, 0 ],
			"to": [ 10, 9, 0.001 ],
			"faces": {
				"north": { "uv": [ 6, 7, 10, 8 ], "texture": "#face", "cullface": "north" }
			}
		},
		{
			"from": [ 12, 8, 0 ],
			"to": [ 16, 9, 0.001 ],
			"faces": {
				"north": { "uv": [ 0, 7, 4, 8 ], "texture": "#face", "cullface": "north" }
			}
		},
		{
			"from": [ 0, 7, 0 ],
			"to": [ 16, 8, 0.001 ],
			"faces": {
				"north": { "uv": [ 0, 8, 16, 9 ], "texture": "#face", "cullface": "north" }
			}
		},
		{
			"from": [ 0, 5, 0 ],
			"to": [ 2, 7, 0.001 ],
			"faces": {
				"north": { "uv": [ 14, 9, 16, 11 ], "texture": "#face", "cullface": "north" }
			}
		},
		{
			"from": [ 3, 6, 0 ],
			"to": [ 4, 7, 0.001 ],
			"faces": {
				"north": { "uv": [ 12, 9, 13, 10 ], "texture": "#face", "cullface": "north" }
			}
		},
		{
			"from": [ 5, 6, 0 ],
			"to": [ 7, 7, 0.001 ],
			"faces": {
				"north": { "uv": [ 9, 9, 11, 10 ], "texture": "#face", "cullface": "north" }
			}
		},
		{
			"from": [ 8, 6, 0 ],
			"to": [ 10, 7, 0.001 ],
			"faces": {
				"north": { "uv": [ 6, 9, 8, 10 ], "texture": "#face", "cullface": "north" }
			}
		},
		{
			"from": [ 11, 6, 0 ],
			"to": [ 12, 7, 0.001 ],
			"faces": {
				"north": { "uv": [ 4, 9, 5, 10 ], "texture": "#face", "cullface": "north" }
			}
		},
		{
			"from": [ 13, 6, 0 ],
			"to": [ 16, 7, 0.001 ],
			"faces": {
				"north": { "uv": [ 0, 9, 3, 10 ], "texture": "#face", "cullface": "north" }
			}
		},
		{
			"from": [ 0, 3, 0 ],
			"to": [ 1, 5, 0.001 ],
			"faces": {
				"north": { "uv": [ 15, 11, 16, 13 ], "texture": "#face", "cullface": "north" }
			}
		},
		{
			"from": [ 14, 4, 0 ],
			"to": [ 16, 6, 0.001 ],
			"faces": {
				"north": { "uv": [ 0, 10, 2, 12 ], "texture": "#face", "cullface": "north" }
			}
		},
		{
			"from": [ 13, 2, 0 ],
			"to": [ 16, 4, 0.001 ],
			"faces": {
				"north": { "uv": [ 0, 12, 3, 14 ], "texture": "#face", "cullface": "north" }
			}
		},
		{
			"from": [ 10, 2, 0 ],
			"to": [ 12, 3, 0.001 ],
			"faces": {
				"north": { "uv": [ 4, 13, 6, 14 ], "texture": "#face", "cullface": "north" }
			}
		},
		{
			"from": [ 10, 3, 0 ],
			"to": [ 11, 4, 0.001 ],
			"faces": {
				"north": { "uv": [ 5, 12, 6, 13 ], "texture": "#face", "cullface": "north" }
			}
		},
		{
			"from": [ 5, 2, 0 ],
			"to": [ 9, 3, 0.001 ],
			"faces": {
				"north": { "uv": [ 7, 13, 11, 14 ], "texture": "#face", "cullface": "north" }
			}
		},
		{
			"from": [ 7, 3, 0 ],
			"to": [ 8, 4, 0.001 ],
			"faces": {
				"north": { "uv": [ 8, 12, 9, 13 ], "texture": "#face", "cullface": "north" }
			}
		},
		{
			"from": [ 0, 2, 0 ],
			"to": [ 4, 3, 0.001 ],
			"faces": {
				"north": { "uv": [ 12, 13, 16, 14 ], "texture": "#face", "cullface": "north" }
			}
		},
		{
			"from": [ 3, 3, 0 ],
			"to": [ 4, 4, 0.001 ],
			"faces": {
				"north": { "uv": [ 12, 12, 13, 13 ], "texture": "#face", "cullface": "north" }
			}
		},
		{
			"from": [ 0, 0, 0 ],
			"to": [ 16, 2, 0.001 ],
			"faces": {
				"north": { "uv": [ 0, 14, 16, 16 ], "texture": "#face", "cullface": "north" }
			}
		},
		{
			"from": [ 0, 0, 0 ],
			"to": [ 0.001, 16, 16 ],
			"shade": false,
			"faces": {
				"east": { "uv": [ 0, 0, 16, 16 ], "texture": "#inside", "cullface": "north" }
			}
		},
		{
			"from": [ 16, 0, 0 ],
			"to": [ 16.001, 16, 16 ],
			"shade": false,
			"faces": {
				"west": { "uv": [ 0, 0, 16, 16 ], "texture": "#inside", "cullface": "north" }
			}
		}
	]
}