{
	"credit": "Created by Mickey Joe Alpha - http://YouTube.com/@MushirMickeyJoe",
	"ambientocclusion": false,
	"textures": {
		"1": "block/glow_lichen_sprouts",
		"particle": "block/glow_lichen",
		"glow_lichen": "block/glow_lichen"
	},
	"elements": [
		{
			"from": [0, 0, 0.1],
			"to": [16, 16, 0.1],
			"faces": {
				"south": {"uv": [0, 0, 16, 16], "texture": "#glow_lichen"}
			}
		},
		{
			"from": [6, 11, 0],
			"to": [13, 16, 0],
			"rotation": {"angle": 45, "axis": "x", "origin": [9, 11, 0]},
			"faces": {
				"east": {"uv": [0, 0, 0, 6], "texture": "#1"},
				"south": {"uv": [4, 0, 11, 5], "texture": "#1"},
				"west": {"uv": [0, 0, 0, 6], "texture": "#1"},
				"up": {"uv": [0, 0, 10, 0], "texture": "#1"},
				"down": {"uv": [0, 0, 10, 0], "texture": "#1"}
			}
		},
		{
			"from": [4, -1, 0],
			"to": [11, 4, 0],
			"rotation": {"angle": -45, "axis": "x", "origin": [7, 4, 0]},
			"faces": {
				"east": {"uv": [0, 0, 0, 6], "rotation": 180, "texture": "#1"},
				"south": {"uv": [11, 0, 4, 5], "rotation": 180, "texture": "#1"},
				"west": {"uv": [0, 0, 0, 6], "rotation": 180, "texture": "#1"},
				"up": {"uv": [0, 0, 10, 0], "texture": "#1"},
				"down": {"uv": [0, 0, 10, 0], "texture": "#1"}
			}
		},
		{
			"from": [11, 2, 0],
			"to": [16, 9, 0],
			"rotation": {"angle": -45, "axis": "y", "origin": [11, 6, 0]},
			"faces": {
				"east": {"uv": [0, 0, 0, 6], "texture": "#missing"},
				"south": {"uv": [11, 5, 16, 12], "texture": "#1"},
				"west": {"uv": [0, 0, 0, 6], "texture": "#missing"},
				"up": {"uv": [0, 0, 0, 5], "rotation": 270, "texture": "#missing"},
				"down": {"uv": [0, 0, 0, 5], "rotation": 90, "texture": "#missing"}
			}
		},
		{
			"from": [0, 2, 0],
			"to": [5, 9, 0],
			"rotation": {"angle": 45, "axis": "y", "origin": [5, 5, 0]},
			"faces": {
				"east": {"uv": [0, 0, 0, 6], "texture": "#missing"},
				"south": {"uv": [0, 5, 5, 12], "texture": "#1"},
				"west": {"uv": [0, 0, 0, 6], "texture": "#missing"},
				"up": {"uv": [0, 0, 0, 5], "rotation": 90, "texture": "#missing"},
				"down": {"uv": [0, 0, 0, 5], "rotation": 270, "texture": "#missing"}
			}
		}
	]
}