{
	"credit": "Created by Mickey Joe Alpha - http://YouTube.com/@MushirMickeyJoe",
	"parent": "block/block",
	"textures": {
		"particle": "block/jukebox_side",
		"top": "block/jukebox_top",
		"side": "block/jukebox_side",
		"record": "block/jukebox_record"
	},
	"elements": [ 	 
		{
			"__comment": "Cube1",
			"from": [ 0, 0, 0 ],
			"to": [ 7, 16, 16 ],
			"faces": {
				"down": { "uv": [ 0, 0, 7, 16 ], "texture": "#side", "cullface": "down" },
				"up": { "uv": [ 0, 0, 7, 16 ], "texture": "#top", "cullface": "up" },
				"north": { "uv": [ 9, 0, 16, 16 ], "texture": "#side", "cullface": "north" },
				"south": { "uv": [ 0, 0, 7, 16 ], "texture": "#side", "cullface": "south" },
				"west": { "uv": [ 0, 0, 16, 16 ], "texture": "#side", "cullface": "west" },
				"east": { "uv": [ 9, 3, 10, 13 ], "texture": "#top", "cullface": "up" }
			}
		},
		{
			"__comment": "Cube2",
			"from": [ 9, 0, 0 ],
			"to": [ 16, 16, 16 ],
			"faces": {
				"down": { "uv": [ 9, 0, 16, 16 ], "texture": "#side", "cullface": "down" },
				"up": { "uv": [ 9, 0, 16, 16 ], "texture": "#top", "cullface": "up" },
				"north": { "uv": [ 0, 0, 7, 16 ], "texture": "#side", "cullface": "north" },
				"south": { "uv": [ 9, 0, 16, 16 ], "texture": "#side", "cullface": "south" },
				"west": { "uv": [ 6, 3, 7, 13 ], "texture": "#top", "cullface": "up" },
				"east": { "uv": [ 0, 0, 16, 16 ], "texture": "#side", "cullface": "east" }
			}
		},
		{
			"__comment": "Cube4",
			"from": [ 7, 0, 0 ],
			"to": [ 9, 16, 3 ],
			"faces": {
				"down": { "uv": [ 7, 13, 9, 16 ], "texture": "#side", "cullface": "down" },
				"up": { "uv": [ 7, 0, 9, 3 ], "texture": "#top", "cullface": "up" },
				"north": { "uv": [ 7, 0, 9, 16 ], "texture": "#side", "cullface": "north" },
				"south": { "uv": [ 7, 13, 9, 14 ], "texture": "#top", "cullface": "up", "rotation": 180 }
			}
		},
		{
			"__comment": "Cube5",
			"from": [ 7, 0, 13 ],
			"to": [ 9, 16, 16 ],
			"faces": {
				"down": { "uv": [ 7, 0, 9, 3 ], "texture": "#side", "cullface": "down" },
				"up": { "uv": [ 7, 13, 9, 16 ], "texture": "#top", "cullface": "up" },
				"north": { "uv": [ 7, 2, 9, 3 ], "texture": "#top", "cullface": "up" },
				"south": { "uv": [ 7, 0, 9, 16 ], "texture": "#side", "cullface": "south" }
			}
		},
		{
			"__comment": "Cube6",
			"from": [ 7, 0, 3 ],
			"to": [ 9, 15, 13 ],
			"faces": {
				"down": { "uv": [ 7, 3, 9, 13 ], "texture": "#side", "cullface": "down" },
				"up": { "uv": [ 7, 3, 9, 13 ], "texture": "#top", "cullface": "up" }
			}
		},
		{
			"__comment": "Box6",
			"from": [ 7.5, 15, 3.5 ],
			"to": [ 8.5, 16, 12.5 ],
			"faces": {
				"up": { "uv": [ 1, 15, 10, 16 ], "texture": "#record", "cullface": "up", "rotation": 270 },
				"north": { "uv": [ 9, 15, 10, 16 ], "texture": "#record", "cullface": "up" },
				"south": { "uv": [ 1, 15, 2, 16 ], "texture": "#record", "cullface": "up" },
				"west": { "uv": [ 10, 15, 1, 16 ], "texture": "#record", "cullface": "up" },
				"east": { "uv": [ 1, 15, 10, 16 ], "texture": "#record", "cullface": "up" }
			}
		},
		{
			"__comment": "Box7",
			"from": [ 7.5, 16, 4.5 ],
			"to": [ 8.5, 16.875, 11.5 ],
			"faces": {
				"up": { "uv": [ 2, 14, 9, 15 ], "texture": "#record", "cullface": "up", "rotation": 270 },
				"north": { "uv": [ 8, 14, 9, 15 ], "texture": "#record", "cullface": "up" },
				"south": { "uv": [ 2, 14, 3, 15 ], "texture": "#record", "cullface": "up" },
				"west": { "uv": [ 9, 14, 2, 15 ], "texture": "#record", "cullface": "up" },
				"east": { "uv": [ 2, 14, 9, 15 ], "texture": "#record", "cullface": "up" }
			}
		},
		{
			"__comment": "Box8",
			"from": [ 7.5, 16.875, 6.5 ],
			"to": [ 8.5, 17.875, 9.5 ],
			"faces": {
				"up": { "uv": [ 4, 13, 7, 14 ], "texture": "#record", "cullface": "up" },
				"north": { "uv": [ 6, 13, 7, 14 ], "texture": "#record", "cullface": "up" },
				"south": { "uv": [ 4, 13, 5, 14 ], "texture": "#record", "cullface": "up" },
				"west": { "uv": [ 4, 13, 7, 14 ], "texture": "#record", "cullface": "up" },
				"east": { "uv": [ 4, 13, 7, 14 ], "texture": "#record", "cullface": "up" }
			}
		}
	]
}