{
	"credit": "Created by Mickey Joe Alpha - http://YouTube.com/@MushirMickeyJoe",
	"ambientocclusion": false,
	"textures": {
		"particle": "block/cobblestone",
		"base": "block/lever_base",
		"lever": "block/lever"
	},
	"elements": [ 	 
		{
			"__comment": "Element",
			"from": [ 7, 1, 7 ],
			"to": [ 9, 11, 9 ],
			"rotation": { "origin": [ 8, 1, 8 ], "axis": "x", "angle": 45 },
			"faces": {
				"up": { "uv": [ 7, 6, 9, 8 ], "texture": "#lever" },
				"north": { "uv": [ 7, 6, 9, 16 ], "texture": "#lever" },
				"south": { "uv": [ 7, 6, 9, 16 ], "texture": "#lever" },
				"west": { "uv": [ 7, 6, 9, 16 ], "texture": "#lever" },
				"east": { "uv": [ 7, 6, 9, 16 ], "texture": "#lever" }
			}
		},
		{
			"__comment": "Box3",
			"from": [ 9, 0, 4 ],
			"to": [ 11, 3, 12 ],
			"faces": {
				"down": { "uv": [ 5, 4, 7, 12 ], "texture": "#particle", "cullface": "down", "rotation": 180 },
				"up": { "uv": [ 9, 4, 11, 12 ], "texture": "#base" },
				"north": { "uv": [ 9, 2, 11, 5 ], "texture": "#base", "rotation": 180 },
				"south": { "uv": [ 9, 11, 11, 14 ], "texture": "#base" },
				"west": { "uv": [ 9, 12, 12, 4 ], "texture": "#base", "rotation": 90 },
				"east": { "uv": [ 10, 4, 13, 12 ], "texture": "#base", "rotation": 90 }
			}
		},
		{
			"__comment": "Box4",
			"from": [ 7, 0, 4 ],
			"to": [ 9, 3, 5 ],
			"faces": {
				"down": { "uv": [ 7, 4, 9, 5 ], "texture": "#particle", "cullface": "down", "rotation": 180 },
				"up": { "uv": [ 7, 4, 9, 5 ], "texture": "#base" },
				"north": { "uv": [ 7, 2, 9, 5 ], "texture": "#base", "rotation": 180 },
				"south": { "uv": [ 9, 2, 7, 5 ], "texture": "#base", "rotation": 180 },
				"west": { "uv": [ 4, 13, 5, 16 ], "texture": "#base" },
				"east": { "uv": [ 11, 13, 12, 16 ], "texture": "#base" }
			}
		},
		{
			"__comment": "Box5",
			"from": [ 7, 0, 11 ],
			"to": [ 9, 3, 12 ],
			"faces": {
				"down": { "uv": [ 7, 11, 9, 12 ], "texture": "#particle", "cullface": "down", "rotation": 180 },
				"up": { "uv": [ 7, 11, 9, 12 ], "texture": "#base" },
				"north": { "uv": [ 9, 11, 7, 14 ], "texture": "#base" },
				"south": { "uv": [ 7, 11, 9, 14 ], "texture": "#base" },
				"west": { "uv": [ 11, 13, 12, 16 ], "texture": "#base" },
				"east": { "uv": [ 4, 13, 5, 16 ], "texture": "#base" }
			}
		},
		{
			"__comment": "Box6",
			"from": [ 5, 0, 4 ],
			"to": [ 7, 3, 12 ],
			"faces": {
				"down": { "uv": [ 9, 4, 11, 12 ], "texture": "#particle", "cullface": "down", "rotation": 180 },
				"up": { "uv": [ 5, 4, 7, 12 ], "texture": "#base" },
				"north": { "uv": [ 5, 2, 7, 5 ], "texture": "#base", "rotation": 180 },
				"south": { "uv": [ 5, 11, 7, 14 ], "texture": "#base" },
				"west": { "uv": [ 3, 4, 6, 12 ], "texture": "#base", "rotation": 270 },
				"east": { "uv": [ 4, 4, 7, 12 ], "texture": "#base", "rotation": 270 }
			}
		},
		{
			"__comment": "Box7",
			"from": [ 7, 0, 5 ],
			"to": [ 9, 2, 11 ],
			"faces": {
				"down": { "uv": [ 7, 5, 9, 11 ], "texture": "#particle", "cullface": "down", "rotation": 180 },
				"up": { "uv": [ 7, 5, 9, 11 ], "texture": "#base", "rotation": 180 },
				"north": { "uv": [ 7, 14, 9, 16 ], "texture": "#base" },
				"south": { "uv": [ 7, 14, 9, 16 ], "texture": "#base" },
				"west": { "uv": [ 5, 14, 11, 16 ], "texture": "#base" },
				"east": { "uv": [ 5, 14, 11, 16 ], "texture": "#base" }
			}
		}
	]
}