{
	"credit": "Created by Mickey Joe Alpha - http://YouTube.com/@MushirMickeyJoe",
	"textures": {
		"2": "block/mangrove_door_bottom",
		"particle": "block/mangrove_door_bottom",
		"sides": "block/mangrove_door_sides",
		"ends": "block/mangrove_door_ends"
	},
	"elements": [
		{
			"name": "Element",
			"from": [0, 0, 0],
			"to": [3, 16, 16],
			"rotation": {"angle": 0, "axis": "y", "origin": [0, 0, 16]},
			"faces": {
				"north": {"uv": [12, 0, 9, 16], "texture": "#sides", "cullface": "north"},
				"east": {"uv": [0, 0, 16, 16], "texture": "#2"},
				"south": {"uv": [9, 0, 6, 16], "texture": "#sides", "cullface": "south"},
				"west": {"uv": [16, 0, 0, 16], "texture": "#2", "cullface": "west"},
				"down": {"uv": [16, 3, 0, 6], "rotation": 270, "texture": "#ends", "cullface": "down"}
			}
		},
		{
			"from": [-0.975, 13, 2],
			"to": [3.975, 16, 3],
			"rotation": {"angle": 0, "axis": "y", "origin": [0, 0, 16]},
			"faces": {
				"north": {"uv": [14, 0, 13, 3], "texture": "#2"},
				"east": {"uv": [14, 0, 13, 3], "texture": "#2"},
				"south": {"uv": [14, 0, 13, 3], "texture": "#2", "cullface": "south"},
				"west": {"uv": [14, 0, 13, 3], "texture": "#2"},
				"down": {"uv": [13, 3, 14, 2], "texture": "#2"}
			}
		},
		{
			"from": [-0.975, 13, 3],
			"to": [3.975, 14, 4],
			"rotation": {"angle": 0, "axis": "y", "origin": [0, 0, 16]},
			"faces": {
				"east": {"uv": [13, 2, 12, 3], "texture": "#2"},
				"south": {"uv": [13, 2, 12, 3], "texture": "#2"},
				"west": {"uv": [13, 2, 12, 3], "texture": "#2"},
				"up": {"uv": [12, 3, 13, 2], "texture": "#2"},
				"down": {"uv": [12, 3, 13, 2], "texture": "#2"}
			}
		}
	]
}