{
	"credit": "Created by Mickey Joe Alpha - http://YouTube.com/@MushirMickeyJoe",
	"textures": {
		"particle": "block/mossy_stone_bricks",
		"wall": "block/mossy_stone_brick_wall"
	},
	"elements": [ 	 
		{
			"__comment": "Center post",
			"from": [ 4, 0, 4 ],
			"to": [ 12, 16, 12 ],
			"faces": {
				"down": { "uv": [ 8, 0, 16, 8 ], "texture": "#wall", "cullface": "down" },
				"up": { "uv": [ 8, 0, 16, 8 ], "texture": "#wall", "cullface": "up" },
				"north": { "uv": [ 0, 0, 8, 16 ], "texture": "#wall" },
				"south": { "uv": [ 0, 0, 8, 16 ], "texture": "#wall" },
				"west": { "uv": [ 0, 0, 8, 16 ], "texture": "#wall" },
				"east": { "uv": [ 0, 0, 8, 16 ], "texture": "#wall" }
			}
		}
	]
}